userId,drama,comedy,thriller,romance,action,horror,crime
269,0.16666666666666666,0.13333333333333333,0.16666666666666666,0.13333333333333333,0.2,0.1,0.1
366,0.14814814814814814,0.18518518518518517,0.14814814814814814,0.18518518518518517,0.1111111111111111,0.07407407407407407,0.14814814814814814
360,0.19444444444444445,0.19444444444444445,0.1111111111111111,0.1111111111111111,0.16666666666666666,0.1111111111111111,0.1111111111111111
557,0.24444444444444444,0.13333333333333333,0.13333333333333333,0.1111111111111111,0.15555555555555556,0.1111111111111111,0.1111111111111111
18,0.24242424242424243,0.12121212121212122,0.16666666666666666,0.09090909090909091,0.18181818181818182,0.07575757575757576,0.12121212121212122
473,0.2558139534883721,0.13953488372093023,0.18604651162790697,0.09302325581395349,0.11627906976744186,0.09302325581395349,0.11627906976744186
106,0.2,0.2,0.11428571428571428,0.05714285714285714,0.14285714285714285,0.2,0.08571428571428572
655,0.24615384615384617,0.18461538461538463,0.15384615384615385,0.07692307692307693,0.13846153846153847,0.07692307692307693,0.12307692307692308
576,0.21052631578947367,0.15789473684210525,0.15789473684210525,0.10526315789473684,0.18421052631578946,0.02631578947368421,0.15789473684210525
351,0.23684210526315788,0.13157894736842105,0.21052631578947367,0.10526315789473684,0.13157894736842105,0.05263157894736842,0.13157894736842105
609,0.25,0.12962962962962962,0.21296296296296297,0.12962962962962962,0.1111111111111111,0.08333333333333333,0.08333333333333333
267,0.21875,0.21875,0.15625,0.0625,0.125,0.0625,0.15625
229,0.15789473684210525,0.2631578947368421,0.10526315789473684,0.15789473684210525,0.15789473684210525,0.10526315789473684,0.05263157894736842
287,0.2714285714285714,0.12142857142857143,0.17142857142857143,0.1,0.15714285714285714,0.07142857142857142,0.10714285714285714
260,0.25806451612903225,0.16129032258064516,0.1935483870967742,0.06451612903225806,0.12903225806451613,0.0967741935483871,0.0967741935483871
53,0.2641509433962264,0.1320754716981132,0.18867924528301888,0.1320754716981132,0.1320754716981132,0.05660377358490566,0.09433962264150944
367,0.2751677852348993,0.174496644295302,0.14093959731543623,0.12751677852348994,0.10738255033557047,0.06040268456375839,0.11409395973154363
492,0.26881720430107525,0.11827956989247312,0.17204301075268819,0.11827956989247312,0.13978494623655913,0.043010752688172046,0.13978494623655913
470,0.2653061224489796,0.12244897959183673,0.12244897959183673,0.10204081632653061,0.20408163265306123,0.061224489795918366,0.12244897959183673
656,0.28378378378378377,0.17567567567567569,0.12162162162162163,0.12162162162162163,0.0945945945945946,0.08108108108108109,0.12162162162162163
648,0.2631578947368421,0.21578947368421053,0.11052631578947368,0.11052631578947368,0.12631578947368421,0.07368421052631578,0.1
558,0.2803030303030303,0.12878787878787878,0.1893939393939394,0.08333333333333333,0.12121212121212122,0.09090909090909091,0.10606060606060606
162,0.2619047619047619,0.16666666666666666,0.16666666666666666,0.07142857142857142,0.14285714285714285,0.047619047619047616,0.14285714285714285
621,0.2222222222222222,0.2111111111111111,0.16666666666666666,0.1111111111111111,0.17777777777777778,0.03333333333333333,0.07777777777777778
489,0.2777777777777778,0.1111111111111111,0.05555555555555555,0.16666666666666666,0.16666666666666666,0.1111111111111111,0.1111111111111111
650,0.2647058823529412,0.14705882352941177,0.17647058823529413,0.08823529411764706,0.17647058823529413,0.058823529411764705,0.08823529411764706
236,0.2804878048780488,0.16463414634146342,0.15853658536585366,0.10365853658536585,0.12804878048780488,0.054878048780487805,0.10975609756097561
272,0.26666666666666666,0.13333333333333333,0.13333333333333333,0.06666666666666667,0.2,0.06666666666666667,0.13333333333333333
424,0.25,0.17857142857142858,0.21428571428571427,0.07142857142857142,0.10714285714285714,0.07142857142857142,0.10714285714285714
374,0.2727272727272727,0.18181818181818182,0.09090909090909091,0.09090909090909091,0.09090909090909091,0.18181818181818182,0.09090909090909091
71,0.2727272727272727,0.18181818181818182,0.09090909090909091,0.09090909090909091,0.09090909090909091,0.18181818181818182,0.09090909090909091
37,0.22727272727272727,0.18181818181818182,0.18181818181818182,0.13636363636363635,0.13636363636363635,0.0,0.13636363636363635
135,0.2222222222222222,0.18518518518518517,0.1111111111111111,0.14814814814814814,0.2222222222222222,0.037037037037037035,0.07407407407407407
652,0.28402366863905326,0.14201183431952663,0.1893491124260355,0.11242603550295859,0.10059171597633136,0.07692307692307693,0.09467455621301775
173,0.20408163265306123,0.14285714285714285,0.24489795918367346,0.04081632653061224,0.14285714285714285,0.061224489795918366,0.16326530612244897
321,0.2857142857142857,0.15584415584415584,0.12987012987012986,0.09090909090909091,0.15584415584415584,0.05194805194805195,0.12987012987012986
216,0.25396825396825395,0.19047619047619047,0.1746031746031746,0.1111111111111111,0.15873015873015872,0.047619047619047616,0.06349206349206349
475,0.2972972972972973,0.17374517374517376,0.12355212355212356,0.10810810810810811,0.09652509652509653,0.09266409266409266,0.10810810810810811
66,0.26666666666666666,0.2,0.15555555555555556,0.1111111111111111,0.13333333333333333,0.044444444444444446,0.08888888888888889
365,0.2641509433962264,0.20754716981132076,0.1320754716981132,0.09433962264150944,0.1320754716981132,0.03773584905660377,0.1320754716981132
569,0.29357798165137616,0.1559633027522936,0.1651376146788991,0.11926605504587157,0.10091743119266056,0.07339449541284404,0.09174311926605505
483,0.2876712328767123,0.1095890410958904,0.1506849315068493,0.1506849315068493,0.1506849315068493,0.0410958904109589,0.1095890410958904
175,0.2647058823529412,0.18627450980392157,0.18627450980392157,0.06862745098039216,0.14705882352941177,0.0784313725490196,0.06862745098039216
465,0.2608695652173913,0.21739130434782608,0.17391304347826086,0.06521739130434782,0.10869565217391304,0.08695652173913043,0.08695652173913043
467,0.2898550724637681,0.17391304347826086,0.14492753623188406,0.057971014492753624,0.10144927536231885,0.08695652173913043,0.14492753623188406
336,0.26666666666666666,0.1,0.23333333333333334,0.06666666666666667,0.13333333333333333,0.1,0.1
281,0.28865979381443296,0.17525773195876287,0.14432989690721648,0.12371134020618557,0.12371134020618557,0.041237113402061855,0.10309278350515463
665,0.2776203966005666,0.18980169971671387,0.1529745042492918,0.08498583569405099,0.1501416430594901,0.0453257790368272,0.09915014164305949
608,0.2990353697749196,0.15112540192926044,0.14469453376205788,0.09967845659163987,0.1189710610932476,0.05144694533762058,0.13504823151125403
99,0.2914285714285714,0.18857142857142858,0.13142857142857142,0.12,0.12,0.05714285714285714,0.09142857142857143
309,0.27419354838709675,0.1935483870967742,0.1532258064516129,0.08870967741935484,0.12903225806451613,0.03225806451612903,0.12903225806451613
616,0.28,0.16,0.18,0.06,0.16,0.08,0.08
598,0.2995169082125604,0.1497584541062802,0.1497584541062802,0.12560386473429952,0.13526570048309178,0.07729468599033816,0.06280193236714976
205,0.2976190476190476,0.19047619047619047,0.10714285714285714,0.10714285714285714,0.11904761904761904,0.07142857142857142,0.10714285714285714
423,0.2943722943722944,0.15584415584415584,0.13852813852813853,0.12987012987012986,0.12554112554112554,0.03463203463203463,0.12121212121212122
422,0.29069767441860467,0.13953488372093023,0.18604651162790697,0.09302325581395349,0.13953488372093023,0.05813953488372093,0.09302325581395349
647,0.29310344827586204,0.15517241379310345,0.13793103448275862,0.12643678160919541,0.10919540229885058,0.034482758620689655,0.14367816091954022
565,0.2571428571428571,0.17142857142857143,0.17142857142857143,0.05714285714285714,0.14285714285714285,0.02857142857142857,0.17142857142857143
342,0.295,0.14,0.17,0.125,0.135,0.055,0.08
601,0.23809523809523808,0.23809523809523808,0.14285714285714285,0.047619047619047616,0.14285714285714285,0.047619047619047616,0.14285714285714285
611,0.2857142857142857,0.14285714285714285,0.14285714285714285,0.19047619047619047,0.09523809523809523,0.09523809523809523,0.047619047619047616
84,0.2857142857142857,0.16071428571428573,0.17857142857142858,0.14285714285714285,0.10714285714285714,0.05357142857142857,0.07142857142857142
633,0.2857142857142857,0.14285714285714285,0.20408163265306123,0.061224489795918366,0.12244897959183673,0.08163265306122448,0.10204081632653061
404,0.3103448275862069,0.13793103448275862,0.13793103448275862,0.10344827586206896,0.10344827586206896,0.06896551724137931,0.13793103448275862
501,0.2920353982300885,0.168141592920354,0.1415929203539823,0.07964601769911504,0.1415929203539823,0.04424778761061947,0.13274336283185842
637,0.2608695652173913,0.17391304347826086,0.17391304347826086,0.043478260869565216,0.13043478260869565,0.043478260869565216,0.17391304347826086
479,0.27848101265822783,0.189873417721519,0.16455696202531644,0.06329113924050633,0.13924050632911392,0.05063291139240506,0.11392405063291139
412,0.29411764705882354,0.18235294117647058,0.1411764705882353,0.13529411764705881,0.11176470588235295,0.058823529411764705,0.07647058823529412
639,0.275,0.1625,0.175,0.0625,0.1625,0.0375,0.125
209,0.25806451612903225,0.12903225806451613,0.1935483870967742,0.12903225806451613,0.12903225806451613,0.0,0.16129032258064516
636,0.2894736842105263,0.18421052631578946,0.15789473684210525,0.10526315789473684,0.13157894736842105,0.07894736842105263,0.05263157894736842
213,0.29924242424242425,0.17992424242424243,0.13825757575757575,0.09848484848484848,0.13636363636363635,0.06628787878787878,0.08143939393939394
543,0.3090909090909091,0.16363636363636364,0.14545454545454545,0.07272727272727272,0.10909090909090909,0.09090909090909091,0.10909090909090909
193,0.27692307692307694,0.2,0.16923076923076924,0.09230769230769231,0.13846153846153847,0.046153846153846156,0.07692307692307693
599,0.2988505747126437,0.1839080459770115,0.10344827586206896,0.05747126436781609,0.14942528735632185,0.11494252873563218,0.09195402298850575
577,0.2862903225806452,0.17338709677419356,0.17338709677419356,0.11693548387096774,0.11290322580645161,0.028225806451612902,0.10887096774193548
43,0.29591836734693877,0.20408163265306123,0.11224489795918367,0.11224489795918367,0.11224489795918367,0.061224489795918366,0.10204081632653061
322,0.3111111111111111,0.15555555555555556,0.13333333333333333,0.13333333333333333,0.1111111111111111,0.06666666666666667,0.08888888888888889
256,0.275,0.125,0.175,0.075,0.175,0.025,0.15
270,0.2891566265060241,0.18072289156626506,0.1566265060240964,0.08433734939759036,0.1566265060240964,0.07228915662650602,0.060240963855421686
537,0.3026706231454006,0.1572700296735905,0.14540059347181009,0.11275964391691394,0.11869436201780416,0.03857566765578635,0.12462908011869436
605,0.3046683046683047,0.16953316953316952,0.14250614250614252,0.09582309582309582,0.12530712530712532,0.05405405405405406,0.10810810810810811
408,0.29961089494163423,0.14396887159533073,0.16731517509727625,0.10894941634241245,0.13618677042801555,0.038910505836575876,0.10505836575875487
222,0.3064516129032258,0.11290322580645161,0.16129032258064516,0.14516129032258066,0.11290322580645161,0.04838709677419355,0.11290322580645161
455,0.28125,0.1875,0.09375,0.1875,0.125,0.0625,0.0625
163,0.3050847457627119,0.13559322033898305,0.1694915254237288,0.11864406779661017,0.13559322033898305,0.06779661016949153,0.06779661016949153
587,0.3050847457627119,0.17231638418079095,0.1327683615819209,0.12429378531073447,0.11864406779661017,0.0480225988700565,0.09887005649717515
224,0.2734375,0.1171875,0.171875,0.0625,0.171875,0.03125,0.171875
664,0.3111111111111111,0.15555555555555556,0.15185185185185185,0.1,0.11851851851851852,0.06296296296296296,0.1
190,0.28205128205128205,0.23076923076923078,0.10256410256410256,0.1282051282051282,0.10256410256410256,0.07692307692307693,0.07692307692307693
195,0.3106796116504854,0.16019417475728157,0.14805825242718446,0.12135922330097088,0.10194174757281553,0.06310679611650485,0.09466019417475728
427,0.2721518987341772,0.23417721518987342,0.1518987341772152,0.0949367088607595,0.10759493670886076,0.06329113924050633,0.0759493670886076
55,0.2777777777777778,0.14814814814814814,0.18518518518518517,0.05555555555555555,0.18518518518518517,0.05555555555555555,0.09259259259259259
658,0.3125,0.15,0.125,0.1125,0.1375,0.05,0.1125
582,0.2978723404255319,0.1702127659574468,0.1595744680851064,0.06382978723404255,0.14893617021276595,0.06382978723404255,0.09574468085106383
262,0.316622691292876,0.13984168865435356,0.15303430079155672,0.09234828496042216,0.12137203166226913,0.0712401055408971,0.10554089709762533
164,0.2857142857142857,0.14285714285714285,0.18681318681318682,0.08791208791208792,0.16483516483516483,0.03296703296703297,0.0989010989010989
387,0.3067226890756303,0.18067226890756302,0.14705882352941177,0.1134453781512605,0.09663865546218488,0.07142857142857142,0.08403361344537816
391,0.2992125984251969,0.16535433070866143,0.13385826771653545,0.11811023622047244,0.12598425196850394,0.023622047244094488,0.13385826771653545
530,0.3076923076923077,0.15384615384615385,0.15384615384615385,0.1282051282051282,0.1282051282051282,0.0641025641025641,0.0641025641025641
172,0.3023255813953488,0.13953488372093023,0.18604651162790697,0.06976744186046512,0.06976744186046512,0.13953488372093023,0.09302325581395349
207,0.29411764705882354,0.17647058823529413,0.14705882352941177,0.14705882352941177,0.11764705882352941,0.029411764705882353,0.08823529411764706
146,0.27419354838709675,0.20967741935483872,0.12903225806451613,0.06451612903225806,0.12903225806451613,0.03225806451612903,0.16129032258064516
63,0.2823529411764706,0.12941176470588237,0.17647058823529413,0.10588235294117647,0.18823529411764706,0.023529411764705882,0.09411764705882353
44,0.3142857142857143,0.11428571428571428,0.17142857142857143,0.08571428571428572,0.14285714285714285,0.08571428571428572,0.08571428571428572
45,0.2857142857142857,0.07142857142857142,0.07142857142857142,0.14285714285714285,0.21428571428571427,0.07142857142857142,0.14285714285714285
397,0.25,0.21428571428571427,0.21428571428571427,0.07142857142857142,0.10714285714285714,0.03571428571428571,0.10714285714285714
618,0.2857142857142857,0.03571428571428571,0.17857142857142858,0.10714285714285714,0.14285714285714285,0.07142857142857142,0.17857142857142858
311,0.3058823529411765,0.16941176470588235,0.14823529411764705,0.1,0.12117647058823529,0.04,0.11529411764705882
268,0.3100303951367781,0.1398176291793313,0.1702127659574468,0.0972644376899696,0.13069908814589665,0.05167173252279635,0.10030395136778116
613,0.22580645161290322,0.16129032258064516,0.22580645161290322,0.03225806451612903,0.1935483870967742,0.03225806451612903,0.12903225806451613
358,0.31399317406143346,0.1621160409556314,0.13822525597269625,0.11945392491467577,0.11433447098976109,0.04948805460750853,0.10238907849829351
297,0.2826086956521739,0.17391304347826086,0.17391304347826086,0.043478260869565216,0.17391304347826086,0.06521739130434782,0.08695652173913043
5,0.3076923076923077,0.1978021978021978,0.13186813186813187,0.07692307692307693,0.0989010989010989,0.08791208791208792,0.0989010989010989
519,0.3010752688172043,0.16129032258064516,0.13978494623655913,0.08602150537634409,0.17204301075268819,0.043010752688172046,0.0967741935483871
265,0.31756756756756754,0.16891891891891891,0.13513513513513514,0.10135135135135136,0.0945945945945946,0.06756756756756757,0.11486486486486487
615,0.31213872832369943,0.15606936416184972,0.14450867052023122,0.08670520231213873,0.15028901734104047,0.057803468208092484,0.09248554913294797
542,0.3076923076923077,0.1794871794871795,0.15384615384615385,0.05128205128205128,0.10256410256410256,0.10256410256410256,0.10256410256410256
282,0.3113207547169811,0.16037735849056603,0.1509433962264151,0.1320754716981132,0.10377358490566038,0.04716981132075472,0.09433962264150944
159,0.3096774193548387,0.12258064516129032,0.17419354838709677,0.1032258064516129,0.09032258064516129,0.05161290322580645,0.14838709677419354
312,0.3048327137546468,0.19330855018587362,0.1412639405204461,0.09293680297397769,0.12267657992565056,0.05947955390334572,0.08550185873605948
437,0.2702702702702703,0.08108108108108109,0.13513513513513514,0.08108108108108109,0.24324324324324326,0.05405405405405406,0.13513513513513514
381,0.29896907216494845,0.18556701030927836,0.15463917525773196,0.061855670103092786,0.12371134020618557,0.05154639175257732,0.12371134020618557
125,0.3132530120481928,0.14457831325301204,0.14457831325301204,0.10240963855421686,0.14457831325301204,0.04216867469879518,0.10843373493975904
79,0.2916666666666667,0.125,0.16666666666666666,0.0625,0.1875,0.041666666666666664,0.125
35,0.3,0.2,0.1,0.1,0.1,0.05,0.15
559,0.3082706766917293,0.18796992481203006,0.13533834586466165,0.10526315789473684,0.12030075187969924,0.05263157894736842,0.09022556390977443
554,0.3191489361702128,0.1276595744680851,0.14893617021276595,0.14893617021276595,0.0851063829787234,0.06382978723404255,0.10638297872340426
291,0.2857142857142857,0.12698412698412698,0.20634920634920634,0.1111111111111111,0.12698412698412698,0.015873015873015872,0.12698412698412698
187,0.3142857142857143,0.15510204081632653,0.1510204081632653,0.06938775510204082,0.13877551020408163,0.0653061224489796,0.10612244897959183
284,0.3157894736842105,0.10526315789473684,0.17105263157894737,0.13157894736842105,0.07894736842105263,0.06578947368421052,0.13157894736842105
248,0.3103448275862069,0.1839080459770115,0.14942528735632185,0.08045977011494253,0.11494252873563218,0.06896551724137931,0.09195402298850575
200,0.3184713375796178,0.17197452229299362,0.12101910828025478,0.1337579617834395,0.08917197452229299,0.07006369426751592,0.09554140127388536
278,0.2972972972972973,0.17567567567567569,0.14864864864864866,0.16216216216216217,0.06756756756756757,0.04054054054054054,0.10810810810810811
452,0.3140578265204387,0.16849451645064806,0.14955134596211367,0.10468594217347957,0.11266201395812563,0.05084745762711865,0.09970089730807577
296,0.3157894736842105,0.15789473684210525,0.15789473684210525,0.05263157894736842,0.10526315789473684,0.10526315789473684,0.10526315789473684
142,0.29411764705882354,0.19607843137254902,0.13725490196078433,0.0784313725490196,0.1568627450980392,0.0392156862745098,0.09803921568627451
345,0.3111111111111111,0.17222222222222222,0.1388888888888889,0.08888888888888889,0.13333333333333333,0.044444444444444446,0.1111111111111111
388,0.314785373608903,0.1669316375198728,0.1494435612082671,0.10810810810810811,0.11128775834658187,0.0492845786963434,0.10015898251192369
15,0.3164426059979317,0.17063081695966908,0.1437435367114788,0.11582213029989659,0.10237849017580145,0.05687693898655636,0.09410548086866598
510,0.31210191082802546,0.1592356687898089,0.14012738853503184,0.11464968152866242,0.11464968152866242,0.03184713375796178,0.12738853503184713
642,0.29545454545454547,0.1590909090909091,0.11363636363636363,0.18181818181818182,0.13636363636363635,0.022727272727272728,0.09090909090909091
197,0.3235294117647059,0.1323529411764706,0.14705882352941177,0.1323529411764706,0.10294117647058823,0.058823529411764705,0.10294117647058823
620,0.31645569620253167,0.1518987341772152,0.12658227848101267,0.08860759493670886,0.16455696202531644,0.06329113924050633,0.08860759493670886
488,0.2564102564102564,0.23076923076923078,0.1282051282051282,0.10256410256410256,0.1282051282051282,0.0,0.15384615384615385
651,0.21428571428571427,0.14285714285714285,0.2857142857142857,0.10714285714285714,0.07142857142857142,0.14285714285714285,0.03571428571428571
183,0.22580645161290322,0.1935483870967742,0.16129032258064516,0.0,0.22580645161290322,0.06451612903225806,0.12903225806451613
410,0.2702702702702703,0.16216216216216217,0.21621621621621623,0.08108108108108109,0.16216216216216217,0.02702702702702703,0.08108108108108109
436,0.30985915492957744,0.11267605633802817,0.18309859154929578,0.056338028169014086,0.14084507042253522,0.07042253521126761,0.1267605633802817
56,0.3102189781021898,0.19343065693430658,0.1386861313868613,0.08394160583941605,0.10948905109489052,0.058394160583941604,0.10583941605839416
254,0.32,0.14,0.145,0.115,0.12,0.04,0.12
353,0.3225806451612903,0.1436950146627566,0.15542521994134897,0.10263929618768329,0.12023460410557185,0.05865102639296188,0.0967741935483871
644,0.27586206896551724,0.10344827586206896,0.13793103448275862,0.034482758620689655,0.2413793103448276,0.10344827586206896,0.10344827586206896
480,0.3103448275862069,0.18773946360153257,0.1417624521072797,0.0842911877394636,0.11877394636015326,0.04980842911877394,0.10727969348659004
461,0.31605351170568563,0.1505016722408027,0.16555183946488294,0.09866220735785954,0.11705685618729098,0.0451505016722408,0.10702341137123746
547,0.3196969696969697,0.1765151515151515,0.12954545454545455,0.11060606060606061,0.10606060606060606,0.058333333333333334,0.09924242424242424
614,0.2972972972972973,0.1981981981981982,0.14414414414414414,0.14414414414414414,0.0990990990990991,0.036036036036036036,0.08108108108108109
298,0.3191489361702128,0.14893617021276595,0.10638297872340426,0.10638297872340426,0.14893617021276595,0.0425531914893617,0.1276595744680851
263,0.2857142857142857,0.23376623376623376,0.12987012987012986,0.12987012987012986,0.09090909090909091,0.05194805194805195,0.07792207792207792
383,0.30985915492957744,0.15492957746478872,0.16901408450704225,0.09859154929577464,0.14084507042253522,0.04225352112676056,0.08450704225352113
564,0.3198992443324937,0.15428211586901763,0.15428211586901763,0.11272040302267003,0.10894206549118388,0.0491183879093199,0.10075566750629723
432,0.3076923076923077,0.15384615384615385,0.17307692307692307,0.07692307692307693,0.1346153846153846,0.038461538461538464,0.11538461538461539
434,0.31981981981981983,0.13513513513513514,0.15765765765765766,0.0945945945945946,0.11261261261261261,0.04504504504504504,0.13513513513513514
635,0.20833333333333334,0.16666666666666666,0.20833333333333334,0.041666666666666664,0.20833333333333334,0.0,0.16666666666666666
76,0.1875,0.1875,0.25,0.125,0.1875,0.0,0.0625
539,0.2916666666666667,0.041666666666666664,0.20833333333333334,0.08333333333333333,0.16666666666666666,0.125,0.08333333333333333
277,0.2916666666666667,0.16666666666666666,0.16666666666666666,0.16666666666666666,0.125,0.041666666666666664,0.041666666666666664
472,0.3200636942675159,0.1624203821656051,0.14331210191082802,0.09394904458598727,0.12261146496815287,0.04777070063694268,0.10987261146496816
252,0.27906976744186046,0.11627906976744186,0.16279069767441862,0.09302325581395349,0.23255813953488372,0.046511627906976744,0.06976744186046512
507,0.3023255813953488,0.13953488372093023,0.18604651162790697,0.09302325581395349,0.16279069767441862,0.046511627906976744,0.06976744186046512
323,0.3023255813953488,0.13953488372093023,0.18604651162790697,0.09302325581395349,0.13953488372093023,0.023255813953488372,0.11627906976744186
313,0.3055555555555556,0.19907407407407407,0.14814814814814814,0.08796296296296297,0.09722222222222222,0.046296296296296294,0.11574074074074074
294,0.3165266106442577,0.16526610644257703,0.1568627450980392,0.12044817927170869,0.10784313725490197,0.049019607843137254,0.08403361344537816
632,0.2972972972972973,0.1891891891891892,0.13513513513513514,0.10810810810810811,0.16216216216216217,0.02702702702702703,0.08108108108108109
198,0.29850746268656714,0.22388059701492538,0.13432835820895522,0.08955223880597014,0.1044776119402985,0.05970149253731343,0.08955223880597014
73,0.322234156820623,0.16541353383458646,0.13426423200859292,0.12244897959183673,0.11063372717508056,0.05155746509129968,0.09344790547798067
148,0.325,0.15,0.125,0.14166666666666666,0.1,0.05,0.10833333333333334
28,0.3157894736842105,0.19298245614035087,0.08771929824561403,0.14035087719298245,0.10526315789473684,0.07017543859649122,0.08771929824561403
242,0.3245382585751979,0.15303430079155672,0.14511873350923482,0.11081794195250659,0.11345646437994723,0.05013192612137203,0.10290237467018469
575,0.32075471698113206,0.1509433962264151,0.15723270440251572,0.11740041928721175,0.09224318658280922,0.04612159329140461,0.11530398322851153
70,0.32,0.14,0.17,0.08,0.14,0.07,0.08
417,0.3163265306122449,0.15306122448979592,0.17346938775510204,0.08163265306122448,0.12244897959183673,0.05102040816326531,0.10204081632653061
255,0.3023255813953488,0.20930232558139536,0.13953488372093023,0.08139534883720931,0.12790697674418605,0.046511627906976744,0.09302325581395349
171,0.2857142857142857,0.11428571428571428,0.14285714285714285,0.11428571428571428,0.2,0.0,0.14285714285714285
218,0.3023255813953488,0.20930232558139536,0.11627906976744186,0.11627906976744186,0.046511627906976744,0.06976744186046512,0.13953488372093023
490,0.32142857142857145,0.10714285714285714,0.14285714285714285,0.10714285714285714,0.17857142857142858,0.07142857142857142,0.07142857142857142
624,0.3261904761904762,0.16904761904761906,0.13333333333333333,0.10595238095238095,0.10833333333333334,0.05952380952380952,0.09761904761904762
304,0.30927835051546393,0.1958762886597938,0.1134020618556701,0.09278350515463918,0.15463917525773196,0.05154639175257732,0.08247422680412371
319,0.3,0.16666666666666666,0.16666666666666666,0.06666666666666667,0.16666666666666666,0.03333333333333333,0.1
34,0.32679738562091504,0.13071895424836602,0.16339869281045752,0.13071895424836602,0.0915032679738562,0.058823529411764705,0.09803921568627451
240,0.32934131736526945,0.16167664670658682,0.1317365269461078,0.11976047904191617,0.10778443113772455,0.0718562874251497,0.07784431137724551
402,0.32098765432098764,0.1728395061728395,0.12962962962962962,0.12962962962962962,0.1111111111111111,0.043209876543209874,0.09259259259259259
518,0.3195435092724679,0.15691868758915833,0.15691868758915833,0.12268188302425106,0.12125534950071326,0.042796005706134094,0.07988587731811697
30,0.3278271918678526,0.16264294790343076,0.144853875476493,0.10673443456162643,0.09911054637865312,0.060991105463786534,0.09783989834815757
653,0.328125,0.15625,0.140625,0.078125,0.109375,0.0625,0.125
72,0.3076923076923077,0.20192307692307693,0.09615384615384616,0.09615384615384616,0.11538461538461539,0.038461538461538464,0.14423076923076922
31,0.3103448275862069,0.13793103448275862,0.1896551724137931,0.08620689655172414,0.13793103448275862,0.034482758620689655,0.10344827586206896
102,0.3270223752151463,0.15834767641996558,0.14457831325301204,0.0981067125645439,0.11187607573149742,0.04991394148020654,0.11015490533562823
283,0.3076923076923077,0.2230769230769231,0.1076923076923077,0.09230769230769231,0.11538461538461539,0.07692307692307693,0.07692307692307693
306,0.3213675213675214,0.1641025641025641,0.14358974358974358,0.12307692307692308,0.10427350427350428,0.035897435897435895,0.1076923076923077
95,0.3181818181818182,0.17727272727272728,0.15,0.11363636363636363,0.10909090909090909,0.04090909090909091,0.09090909090909091
477,0.3,0.1,0.2,0.05,0.05,0.15,0.15
158,0.3,0.15,0.15,0.15,0.1,0.0,0.15
406,0.325,0.175,0.1,0.1,0.125,0.05,0.125
48,0.31666666666666665,0.19166666666666668,0.10416666666666667,0.1125,0.13333333333333333,0.041666666666666664,0.1
219,0.3008849557522124,0.11504424778761062,0.19469026548672566,0.07964601769911504,0.17699115044247787,0.035398230088495575,0.09734513274336283
259,0.22727272727272727,0.22727272727272727,0.13636363636363635,0.09090909090909091,0.22727272727272727,0.0,0.09090909090909091
468,0.32764505119453924,0.17406143344709898,0.13083048919226395,0.1080773606370876,0.10466439135381114,0.05802047781569966,0.09670079635949944
602,0.33112582781456956,0.11920529801324503,0.12582781456953643,0.10596026490066225,0.15894039735099338,0.052980132450331126,0.10596026490066225
574,0.32388663967611336,0.145748987854251,0.16194331983805668,0.10121457489878542,0.12550607287449392,0.04048582995951417,0.10121457489878542
23,0.32646048109965636,0.17697594501718214,0.12714776632302405,0.11168384879725086,0.11512027491408934,0.054982817869415807,0.08762886597938144
295,0.32653061224489793,0.1377551020408163,0.16326530612244897,0.09693877551020408,0.11734693877551021,0.04081632653061224,0.11734693877551021
585,0.32806324110671936,0.16600790513833993,0.1422924901185771,0.11462450592885376,0.07509881422924901,0.05928853754940711,0.11462450592885376
654,0.326171875,0.171875,0.140625,0.109375,0.111328125,0.048828125,0.091796875
667,0.3217391304347826,0.17391304347826086,0.11304347826086956,0.13043478260869565,0.13043478260869565,0.034782608695652174,0.09565217391304348
340,0.16666666666666666,0.125,0.25,0.125,0.25,0.0,0.08333333333333333
6,0.3125,0.14583333333333334,0.16666666666666666,0.08333333333333333,0.14583333333333334,0.020833333333333332,0.125
669,0.2916666666666667,0.16666666666666666,0.125,0.20833333333333334,0.041666666666666664,0.041666666666666664,0.125
534,0.32142857142857145,0.14583333333333334,0.15773809523809523,0.13095238095238096,0.11607142857142858,0.026785714285714284,0.10119047619047619
549,0.3157894736842105,0.15789473684210525,0.15789473684210525,0.15789473684210525,0.10526315789473684,0.05263157894736842,0.05263157894736842
276,0.3157894736842105,0.21052631578947367,0.10526315789473684,0.10526315789473684,0.05263157894736842,0.10526315789473684,0.10526315789473684
257,0.2876712328767123,0.1643835616438356,0.1917808219178082,0.0821917808219178,0.1506849315068493,0.0,0.1232876712328767
98,0.25,0.275,0.05,0.15,0.125,0.05,0.1
450,0.2714285714285714,0.2,0.15714285714285714,0.05714285714285714,0.14285714285714285,0.0,0.17142857142857143
220,0.3389121338912134,0.15481171548117154,0.11715481171548117,0.11297071129707113,0.1087866108786611,0.07112970711297072,0.09623430962343096
234,0.32894736842105265,0.13157894736842105,0.15789473684210525,0.07894736842105263,0.10526315789473684,0.05263157894736842,0.14473684210526316
19,0.33111111111111113,0.14444444444444443,0.1511111111111111,0.10444444444444445,0.11333333333333333,0.042222222222222223,0.11333333333333333
584,0.3197278911564626,0.1360544217687075,0.17687074829931973,0.08163265306122448,0.11564625850340136,0.034013605442176874,0.1360544217687075
299,0.33760683760683763,0.15384615384615385,0.1111111111111111,0.12393162393162394,0.1111111111111111,0.05982905982905983,0.10256410256410256
372,0.2571428571428571,0.02857142857142857,0.2571428571428571,0.17142857142857143,0.11428571428571428,0.05714285714285714,0.11428571428571428
215,0.328125,0.109375,0.109375,0.171875,0.09375,0.046875,0.140625
328,0.32061068702290074,0.16030534351145037,0.15267175572519084,0.09923664122137404,0.1297709923664122,0.022900763358778626,0.11450381679389313
214,0.3258426966292135,0.15168539325842698,0.14606741573033707,0.14606741573033707,0.06179775280898876,0.05056179775280899,0.11797752808988764
572,0.3220338983050847,0.11864406779661017,0.1864406779661017,0.11864406779661017,0.1016949152542373,0.03389830508474576,0.11864406779661017
243,0.3359683794466403,0.15810276679841898,0.13043478260869565,0.11462450592885376,0.09881422924901186,0.05533596837944664,0.1067193675889328
232,0.3338842975206612,0.15041322314049588,0.14214876033057852,0.11900826446280992,0.10909090909090909,0.04628099173553719,0.09917355371900827
316,0.34375,0.140625,0.109375,0.109375,0.09375,0.078125,0.125
509,0.3333333333333333,0.15547263681592038,0.1480099502487562,0.11442786069651742,0.10572139303482588,0.05223880597014925,0.09079601990049752
505,0.3289902280130293,0.1791530944625407,0.14332247557003258,0.11074918566775244,0.08469055374592833,0.06188925081433225,0.09120521172638436
567,0.25806451612903225,0.22580645161290322,0.1935483870967742,0.03225806451612903,0.16129032258064516,0.03225806451612903,0.0967741935483871
119,0.3321917808219178,0.14554794520547945,0.14897260273972604,0.11472602739726027,0.10445205479452055,0.039383561643835614,0.11472602739726027
623,0.3333333333333333,0.13333333333333333,0.13333333333333333,0.06666666666666667,0.10666666666666667,0.06666666666666667,0.16
502,0.30303030303030304,0.13636363636363635,0.20454545454545456,0.09090909090909091,0.14393939393939395,0.015151515151515152,0.10606060606060606
380,0.3299319727891156,0.17517006802721088,0.1360544217687075,0.10374149659863946,0.11564625850340136,0.04931972789115646,0.09013605442176871
177,0.32616487455197135,0.14336917562724014,0.15770609318996415,0.1111111111111111,0.12186379928315412,0.025089605734767026,0.11469534050179211
522,0.31654676258992803,0.17985611510791366,0.1510791366906475,0.07913669064748201,0.1366906474820144,0.02877697841726619,0.1079136690647482
42,0.2857142857142857,0.20408163265306123,0.14285714285714285,0.16326530612244897,0.14285714285714285,0.02040816326530612,0.04081632653061224
128,0.3333333333333333,0.15018315018315018,0.14652014652014653,0.11721611721611722,0.12087912087912088,0.047619047619047616,0.08424908424908426
58,0.296875,0.125,0.15625,0.0625,0.21875,0.03125,0.109375
555,0.330188679245283,0.1509433962264151,0.1320754716981132,0.12264150943396226,0.14150943396226415,0.03773584905660377,0.08490566037735849
544,0.31851851851851853,0.1925925925925926,0.1259259259259259,0.08148148148148149,0.14074074074074075,0.037037037037037035,0.1037037037037037
431,0.32682926829268294,0.18048780487804877,0.15609756097560976,0.0975609756097561,0.0975609756097561,0.05853658536585366,0.08292682926829269
493,0.33613445378151263,0.14285714285714285,0.15126050420168066,0.11764705882352941,0.11764705882352941,0.05042016806722689,0.08403361344537816
196,0.34328358208955223,0.13432835820895522,0.1044776119402985,0.14925373134328357,0.07462686567164178,0.1044776119402985,0.08955223880597014
185,0.3333333333333333,0.14689265536723164,0.15819209039548024,0.096045197740113,0.12429378531073447,0.04519774011299435,0.096045197740113
409,0.3055555555555556,0.125,0.18055555555555555,0.08333333333333333,0.18055555555555555,0.013888888888888888,0.1111111111111111
361,0.345679012345679,0.12345679012345678,0.13580246913580246,0.1111111111111111,0.12345679012345678,0.07407407407407407,0.08641975308641975
176,0.3333333333333333,0.1773049645390071,0.10638297872340426,0.1276595744680851,0.12056737588652482,0.06382978723404255,0.07092198581560284
228,0.27586206896551724,0.1724137931034483,0.20689655172413793,0.10344827586206896,0.1724137931034483,0.0,0.06896551724137931
384,0.3415384615384615,0.13538461538461538,0.14461538461538462,0.1076923076923077,0.11692307692307692,0.055384615384615386,0.09846153846153846
375,0.3333333333333333,0.1794871794871795,0.1282051282051282,0.10256410256410256,0.10256410256410256,0.05128205128205128,0.10256410256410256
111,0.33088235294117646,0.15808823529411764,0.15073529411764705,0.10294117647058823,0.13602941176470587,0.04779411764705882,0.07352941176470588
382,0.3235294117647059,0.16176470588235295,0.17647058823529413,0.04411764705882353,0.11764705882352941,0.06862745098039216,0.10784313725490197
121,0.3389830508474576,0.13559322033898305,0.16101694915254236,0.0847457627118644,0.11016949152542373,0.059322033898305086,0.11016949152542373
562,0.315,0.175,0.175,0.07,0.13,0.03,0.105
481,0.3333333333333333,0.1752136752136752,0.13675213675213677,0.07692307692307693,0.1111111111111111,0.05555555555555555,0.1111111111111111
364,0.3181818181818182,0.18181818181818182,0.045454545454545456,0.13636363636363635,0.13636363636363635,0.045454545454545456,0.13636363636363635
92,0.32919254658385094,0.14906832298136646,0.15527950310559005,0.11180124223602485,0.11801242236024845,0.024844720496894408,0.11180124223602485
373,0.32663316582914576,0.1708542713567839,0.1407035175879397,0.12060301507537688,0.11557788944723618,0.02512562814070352,0.10050251256281408
386,0.3333333333333333,0.16049382716049382,0.14814814814814814,0.1111111111111111,0.07407407407407407,0.04938271604938271,0.12345679012345678
4,0.3333333333333333,0.14814814814814814,0.1574074074074074,0.12037037037037036,0.11574074074074074,0.041666666666666664,0.08333333333333333
335,0.25,0.16666666666666666,0.25,0.16666666666666666,0.08333333333333333,0.0,0.08333333333333333
330,0.3275862068965517,0.15517241379310345,0.11206896551724138,0.1724137931034483,0.10344827586206896,0.034482758620689655,0.09482758620689655
157,0.33152173913043476,0.18478260869565216,0.11413043478260869,0.09239130434782608,0.1358695652173913,0.05434782608695652,0.08695652173913043
580,0.336283185840708,0.14601769911504425,0.15191740412979352,0.10471976401179942,0.1224188790560472,0.04129793510324484,0.09734513274336283
96,0.2962962962962963,0.2037037037037037,0.14814814814814814,0.1111111111111111,0.018518518518518517,0.05555555555555555,0.16666666666666666
514,0.33585858585858586,0.1388888888888889,0.15151515151515152,0.10353535353535354,0.10606060606060606,0.03535353535353535,0.12878787878787878
529,0.33171912832929784,0.1864406779661017,0.14285714285714285,0.1016949152542373,0.09200968523002422,0.05811138014527845,0.08716707021791767
170,0.25,0.15,0.15,0.0,0.25,0.05,0.15
94,0.33098591549295775,0.18309859154929578,0.13380281690140844,0.1056338028169014,0.11267605633802817,0.04225352112676056,0.09154929577464789
552,0.3333333333333333,0.14285714285714285,0.11904761904761904,0.11904761904761904,0.16666666666666666,0.047619047619047616,0.07142857142857142
561,0.3393665158371041,0.167420814479638,0.14027149321266968,0.1085972850678733,0.09502262443438914,0.06334841628959276,0.08597285067873303
17,0.3373015873015873,0.14285714285714285,0.16666666666666666,0.07936507936507936,0.10714285714285714,0.05555555555555555,0.1111111111111111
457,0.3390928725701944,0.15550755939524838,0.14254859611231102,0.10151187904967603,0.11879049676025918,0.047516198704103674,0.09503239740820735
466,0.33613445378151263,0.15546218487394958,0.13865546218487396,0.11764705882352941,0.1134453781512605,0.03361344537815126,0.10504201680672269
212,0.3392568659127625,0.16962843295638125,0.13247172859450726,0.10339256865912763,0.1098546042003231,0.05654281098546042,0.0888529886914378
390,0.34104046242774566,0.14450867052023122,0.14450867052023122,0.09826589595375723,0.1329479768786127,0.057803468208092484,0.08092485549132948
239,0.3395348837209302,0.14883720930232558,0.11627906976744186,0.12558139534883722,0.13488372093023257,0.04186046511627907,0.09302325581395349
460,0.3261802575107296,0.17167381974248927,0.1630901287553648,0.07725321888412018,0.0944206008583691,0.03862660944206009,0.12875536480686695
491,0.3333333333333333,0.16666666666666666,0.1111111111111111,0.14814814814814814,0.1111111111111111,0.037037037037037035,0.09259259259259259
168,0.33116883116883117,0.13636363636363635,0.14285714285714285,0.14285714285714285,0.08441558441558442,0.025974025974025976,0.13636363636363635
571,0.3235294117647059,0.08823529411764706,0.20588235294117646,0.14705882352941177,0.08823529411764706,0.08823529411764706,0.058823529411764705
370,0.3170731707317073,0.15853658536585366,0.18292682926829268,0.0975609756097561,0.12195121951219512,0.012195121951219513,0.10975609756097561
61,0.33088235294117646,0.19117647058823528,0.1323529411764706,0.058823529411764705,0.11029411764705882,0.0661764705882353,0.11029411764705882
20,0.32673267326732675,0.1485148514851485,0.16831683168316833,0.10891089108910891,0.09900990099009901,0.019801980198019802,0.12871287128712872
21,0.3443708609271523,0.13245033112582782,0.1390728476821192,0.11920529801324503,0.09933774834437085,0.046357615894039736,0.11920529801324503
101,0.32,0.14,0.14,0.16,0.12,0.0,0.12
394,0.3219178082191781,0.19863013698630136,0.1506849315068493,0.08904109589041095,0.1095890410958904,0.03424657534246575,0.0958904109589041
62,0.25925925925925924,0.14814814814814814,0.25925925925925924,0.1111111111111111,0.14814814814814814,0.0,0.07407407407407407
24,0.3333333333333333,0.14814814814814814,0.14814814814814814,0.07407407407407407,0.14814814814814814,0.037037037037037035,0.1111111111111111
339,0.3333333333333333,0.18518518518518517,0.12962962962962962,0.12962962962962962,0.07407407407407407,0.05555555555555555,0.09259259259259259
261,0.3469387755102041,0.12244897959183673,0.14285714285714285,0.08163265306122448,0.12244897959183673,0.061224489795918366,0.12244897959183673
208,0.3103448275862069,0.06896551724137931,0.20689655172413793,0.034482758620689655,0.1724137931034483,0.10344827586206896,0.10344827586206896
286,0.3,0.15,0.2,0.05,0.175,0.025,0.1
250,0.3283582089552239,0.19402985074626866,0.13432835820895522,0.07462686567164178,0.1044776119402985,0.04477611940298507,0.11940298507462686
120,0.3418803418803419,0.1623931623931624,0.13675213675213677,0.11965811965811966,0.09401709401709402,0.05128205128205128,0.09401709401709402
156,0.25806451612903225,0.22580645161290322,0.03225806451612903,0.16129032258064516,0.16129032258064516,0.0,0.16129032258064516
178,0.31958762886597936,0.1958762886597938,0.14432989690721648,0.1134020618556701,0.12371134020618557,0.020618556701030927,0.08247422680412371
318,0.31746031746031744,0.15873015873015872,0.14285714285714285,0.06349206349206349,0.19047619047619047,0.031746031746031744,0.09523809523809523
532,0.2682926829268293,0.2682926829268293,0.04878048780487805,0.17073170731707318,0.0975609756097561,0.04878048780487805,0.0975609756097561
416,0.3424657534246575,0.1506849315068493,0.14383561643835616,0.11643835616438356,0.1095890410958904,0.0410958904109589,0.0958904109589041
606,0.3181818181818182,0.22727272727272727,0.09090909090909091,0.06818181818181818,0.09090909090909091,0.06818181818181818,0.13636363636363635
463,0.3389355742296919,0.17366946778711484,0.13445378151260504,0.11484593837535013,0.10364145658263306,0.04201680672268908,0.09243697478991597
494,0.29310344827586204,0.20689655172413793,0.1896551724137931,0.08620689655172414,0.1206896551724138,0.0,0.10344827586206896
520,0.33587786259541985,0.15267175572519084,0.16793893129770993,0.09923664122137404,0.08396946564885496,0.03816793893129771,0.12213740458015267
241,0.323943661971831,0.18309859154929578,0.11267605633802817,0.09859154929577464,0.11267605633802817,0.014084507042253521,0.15492957746478872
346,0.35019455252918286,0.13618677042801555,0.12840466926070038,0.11673151750972763,0.09727626459143969,0.05058365758754864,0.12062256809338522
134,0.34024896265560167,0.16597510373443983,0.14107883817427386,0.0954356846473029,0.12448132780082988,0.04149377593360996,0.0912863070539419
628,0.2982456140350877,0.22807017543859648,0.10526315789473684,0.17543859649122806,0.10526315789473684,0.03508771929824561,0.05263157894736842
285,0.3385416666666667,0.1484375,0.1640625,0.11458333333333333,0.11197916666666667,0.036458333333333336,0.0859375
33,0.3235294117647059,0.19607843137254902,0.10784313725490197,0.16666666666666666,0.09803921568627451,0.049019607843137254,0.058823529411764705
25,0.3170731707317073,0.12195121951219512,0.21951219512195122,0.04878048780487805,0.14634146341463414,0.07317073170731707,0.07317073170731707
516,0.33507853403141363,0.13089005235602094,0.16753926701570682,0.1256544502617801,0.09947643979057591,0.020942408376963352,0.12041884816753927
211,0.33962264150943394,0.07547169811320754,0.1509433962264151,0.07547169811320754,0.1509433962264151,0.05660377358490566,0.1509433962264151
595,0.34502923976608185,0.16374269005847952,0.11695906432748537,0.1111111111111111,0.1286549707602339,0.04678362573099415,0.08771929824561403
331,0.2727272727272727,0.2727272727272727,0.09090909090909091,0.13636363636363635,0.13636363636363635,0.045454545454545456,0.045454545454545456
355,0.3452914798206278,0.16591928251121077,0.13452914798206278,0.1031390134529148,0.10762331838565023,0.04932735426008968,0.09417040358744394
59,0.30952380952380953,0.2261904761904762,0.15476190476190477,0.11904761904761904,0.08333333333333333,0.03571428571428571,0.07142857142857142
329,0.27586206896551724,0.06896551724137931,0.2413793103448276,0.06896551724137931,0.20689655172413793,0.034482758620689655,0.10344827586206896
428,0.34615384615384615,0.15384615384615385,0.12307692307692308,0.1,0.11538461538461539,0.038461538461538464,0.12307692307692308
138,0.3125,0.20833333333333334,0.16666666666666666,0.08333333333333333,0.125,0.020833333333333332,0.08333333333333333
273,0.2916666666666667,0.22916666666666666,0.1875,0.0625,0.10416666666666667,0.020833333333333332,0.10416666666666667
548,0.34054054054054056,0.16216216216216217,0.11891891891891893,0.12972972972972974,0.12432432432432433,0.02702702702702703,0.0972972972972973
332,0.32142857142857145,0.10714285714285714,0.10714285714285714,0.07142857142857142,0.14285714285714285,0.03571428571428571,0.21428571428571427
591,0.32142857142857145,0.21428571428571427,0.14285714285714285,0.07142857142857142,0.10714285714285714,0.03571428571428571,0.10714285714285714
74,0.33962264150943394,0.1320754716981132,0.18867924528301888,0.11320754716981132,0.09433962264150944,0.05660377358490566,0.07547169811320754
478,0.3111111111111111,0.2,0.2,0.08888888888888889,0.08888888888888889,0.044444444444444446,0.06666666666666667
57,0.34418604651162793,0.13488372093023257,0.16279069767441862,0.13488372093023257,0.09767441860465116,0.05116279069767442,0.07441860465116279
149,0.3474576271186441,0.15254237288135594,0.1271186440677966,0.11016949152542373,0.13559322033898305,0.05084745762711865,0.07627118644067797
393,0.32653061224489793,0.1836734693877551,0.14285714285714285,0.04081632653061224,0.12244897959183673,0.04081632653061224,0.14285714285714285
9,0.3023255813953488,0.16279069767441862,0.16279069767441862,0.023255813953488372,0.20930232558139536,0.046511627906976744,0.09302325581395349
39,0.3488372093023256,0.11627906976744186,0.12790697674418605,0.13953488372093023,0.12790697674418605,0.03488372093023256,0.10465116279069768
165,0.3373134328358209,0.17313432835820897,0.16119402985074627,0.08955223880597014,0.0955223880597015,0.03582089552238806,0.10746268656716418
533,0.3503184713375796,0.14012738853503184,0.1337579617834395,0.10828025477707007,0.11464968152866242,0.03821656050955414,0.11464968152866242
245,0.3176470588235294,0.2,0.10588235294117647,0.12941176470588237,0.16470588235294117,0.023529411764705882,0.058823529411764705
325,0.26666666666666666,0.26666666666666666,0.13333333333333333,0.13333333333333333,0.06666666666666667,0.13333333333333333,0.0
50,0.3384615384615385,0.16923076923076924,0.16923076923076924,0.09230769230769231,0.1076923076923077,0.046153846153846156,0.07692307692307693
498,0.3,0.2,0.1,0.1,0.1,0.2,0.0
280,0.23333333333333334,0.1,0.23333333333333334,0.06666666666666667,0.26666666666666666,0.03333333333333333,0.06666666666666667
640,0.3283582089552239,0.14925373134328357,0.19402985074626866,0.08955223880597014,0.13432835820895522,0.029850746268656716,0.07462686567164178
324,0.35106382978723405,0.13829787234042554,0.1276595744680851,0.06382978723404255,0.14893617021276595,0.06382978723404255,0.10638297872340426
271,0.3275862068965517,0.1896551724137931,0.1724137931034483,0.10344827586206896,0.10344827586206896,0.034482758620689655,0.06896551724137931
405,0.3346613545816733,0.20318725099601595,0.14741035856573706,0.09163346613545817,0.08764940239043825,0.055776892430278883,0.0796812749003984
201,0.32323232323232326,0.15151515151515152,0.18181818181818182,0.0707070707070707,0.15151515151515152,0.010101010101010102,0.1111111111111111
233,0.3333333333333333,0.07407407407407407,0.18518518518518517,0.1111111111111111,0.16666666666666666,0.037037037037037035,0.09259259259259259
223,0.35555555555555557,0.06666666666666667,0.13333333333333333,0.13333333333333333,0.1111111111111111,0.06666666666666667,0.13333333333333333
300,0.34375,0.125,0.1875,0.125,0.09375,0.0625,0.0625
442,0.3489583333333333,0.14583333333333334,0.15104166666666666,0.08854166666666667,0.11458333333333333,0.036458333333333336,0.11458333333333333
150,0.34023668639053256,0.1863905325443787,0.13609467455621302,0.1242603550295858,0.09763313609467456,0.03550295857988166,0.07988165680473373
186,0.2962962962962963,0.2222222222222222,0.07407407407407407,0.18518518518518517,0.14814814814814814,0.037037037037037035,0.037037037037037035
474,0.3170731707317073,0.24390243902439024,0.0975609756097561,0.12195121951219512,0.0975609756097561,0.04878048780487805,0.07317073170731707
649,0.34959349593495936,0.16260162601626016,0.12195121951219512,0.12195121951219512,0.10569105691056911,0.032520325203252036,0.10569105691056911
68,0.3565217391304348,0.12173913043478261,0.13043478260869565,0.12173913043478261,0.09565217391304348,0.043478260869565216,0.13043478260869565
363,0.345,0.165,0.13,0.115,0.13,0.025,0.09
110,0.3416149068322981,0.14285714285714285,0.16149068322981366,0.09316770186335403,0.10559006211180125,0.018633540372670808,0.13664596273291926
60,0.34782608695652173,0.17391304347826086,0.13043478260869565,0.08695652173913043,0.08695652173913043,0.043478260869565216,0.13043478260869565
385,0.3493150684931507,0.14383561643835616,0.15753424657534246,0.0958904109589041,0.1232876712328767,0.03424657534246575,0.0958904109589041
147,0.275,0.275,0.125,0.05,0.1,0.025,0.15
471,0.3458646616541353,0.18796992481203006,0.14285714285714285,0.10526315789473684,0.08270676691729323,0.06015037593984962,0.07518796992481203
26,0.32653061224489793,0.21428571428571427,0.12244897959183673,0.08163265306122448,0.1326530612244898,0.02040816326530612,0.10204081632653061
89,0.3508771929824561,0.14035087719298245,0.15789473684210525,0.12280701754385964,0.08771929824561403,0.03508771929824561,0.10526315789473684
81,0.34375,0.16666666666666666,0.11458333333333333,0.15625,0.07291666666666667,0.03125,0.11458333333333333
174,0.3225806451612903,0.0967741935483871,0.1935483870967742,0.0967741935483871,0.12903225806451613,0.0,0.16129032258064516
413,0.2903225806451613,0.03225806451612903,0.25806451612903225,0.06451612903225806,0.16129032258064516,0.06451612903225806,0.12903225806451613
137,0.352112676056338,0.1267605633802817,0.15492957746478872,0.11267605633802817,0.11267605633802817,0.028169014084507043,0.11267605633802817
631,0.3333333333333333,0.12121212121212122,0.18181818181818182,0.12121212121212122,0.12121212121212122,0.0,0.12121212121212122
292,0.3522267206477733,0.17408906882591094,0.13360323886639677,0.08906882591093117,0.11336032388663968,0.05263157894736842,0.08502024291497975
454,0.3125,0.1875,0.1875,0.0625,0.125,0.0,0.125
553,0.34408602150537637,0.15053763440860216,0.15053763440860216,0.15053763440860216,0.10752688172043011,0.03225806451612903,0.06451612903225806
83,0.35833333333333334,0.15833333333333333,0.14166666666666666,0.08333333333333333,0.1,0.06666666666666667,0.09166666666666666
199,0.35071090047393366,0.17061611374407584,0.13744075829383887,0.11374407582938388,0.10900473933649289,0.04265402843601896,0.07582938388625593
77,0.34841628959276016,0.18552036199095023,0.13574660633484162,0.09502262443438914,0.10407239819004525,0.04524886877828054,0.08597285067873303
86,0.3469387755102041,0.14285714285714285,0.14285714285714285,0.08571428571428572,0.15510204081632653,0.024489795918367346,0.10204081632653061
550,0.3541666666666667,0.14583333333333334,0.13194444444444445,0.11805555555555555,0.11805555555555555,0.027777777777777776,0.10416666666666667
113,0.2972972972972973,0.10810810810810811,0.13513513513513514,0.05405405405405406,0.21621621621621623,0.0,0.1891891891891892
447,0.3515625,0.1171875,0.15625,0.078125,0.1328125,0.03125,0.1328125
253,0.35,0.16,0.165,0.1,0.085,0.04,0.1
657,0.3235294117647059,0.17647058823529413,0.14705882352941177,0.058823529411764705,0.14705882352941177,0.0,0.14705882352941177
425,0.2978723404255319,0.23404255319148937,0.1702127659574468,0.06382978723404255,0.1276595744680851,0.0,0.10638297872340426
418,0.35714285714285715,0.16428571428571428,0.1357142857142857,0.08571428571428572,0.1,0.05,0.10714285714285714
88,0.35555555555555557,0.16444444444444445,0.13777777777777778,0.11555555555555555,0.10222222222222223,0.04888888888888889,0.07555555555555556
117,0.3076923076923077,0.10256410256410256,0.2564102564102564,0.02564102564102564,0.07692307692307693,0.10256410256410256,0.1282051282051282
597,0.3476190476190476,0.1761904761904762,0.11904761904761904,0.1380952380952381,0.06190476190476191,0.0380952380952381,0.11904761904761904
36,0.35570469798657717,0.14093959731543623,0.14093959731543623,0.11409395973154363,0.12080536912751678,0.026845637583892617,0.10067114093959731
641,0.35789473684210527,0.12631578947368421,0.15263157894736842,0.12105263157894737,0.11578947368421053,0.03684210526315789,0.08947368421052632
659,0.36065573770491804,0.1366120218579235,0.13114754098360656,0.08196721311475409,0.12568306010928962,0.04371584699453552,0.12021857923497267
230,0.3050847457627119,0.2711864406779661,0.06779661016949153,0.06779661016949153,0.11864406779661017,0.06779661016949153,0.1016949152542373
274,0.2857142857142857,0.2,0.14285714285714285,0.05714285714285714,0.22857142857142856,0.0,0.08571428571428572
376,0.3333333333333333,0.2,0.17777777777777778,0.06666666666666667,0.044444444444444446,0.08888888888888889,0.08888888888888889
105,0.3496143958868895,0.18766066838046272,0.12082262210796915,0.12853470437017994,0.09254498714652956,0.043701799485861184,0.07712082262210797
91,0.3064516129032258,0.12903225806451613,0.16129032258064516,0.08064516129032258,0.24193548387096775,0.04838709677419355,0.03225806451612903
430,0.35398230088495575,0.17699115044247787,0.13274336283185842,0.09734513274336283,0.09734513274336283,0.03982300884955752,0.10176991150442478
151,0.3563218390804598,0.16091954022988506,0.14942528735632185,0.08045977011494253,0.10344827586206896,0.04597701149425287,0.10344827586206896
536,0.34782608695652173,0.14285714285714285,0.16149068322981366,0.10559006211180125,0.10559006211180125,0.012422360248447204,0.12422360248447205
627,0.3508771929824561,0.17543859649122806,0.14035087719298245,0.0935672514619883,0.12280701754385964,0.03508771929824561,0.08187134502923976
531,0.3523809523809524,0.18095238095238095,0.11428571428571428,0.06666666666666667,0.10476190476190476,0.047619047619047616,0.13333333333333333
307,0.2916666666666667,0.22916666666666666,0.16666666666666666,0.041666666666666664,0.16666666666666666,0.0,0.10416666666666667
78,0.358974358974359,0.17435897435897435,0.1282051282051282,0.08717948717948718,0.11282051282051282,0.06153846153846154,0.07692307692307693
407,0.3574468085106383,0.14893617021276595,0.14893617021276595,0.11063829787234042,0.12340425531914893,0.059574468085106386,0.05106382978723404
563,0.3150684931506849,0.2602739726027397,0.0684931506849315,0.1232876712328767,0.0958904109589041,0.0547945205479452,0.0821917808219178
439,0.36231884057971014,0.15942028985507245,0.12560386473429952,0.10628019323671498,0.11594202898550725,0.05314009661835749,0.07729468599033816
136,0.32608695652173914,0.10869565217391304,0.17391304347826086,0.043478260869565216,0.1956521739130435,0.021739130434782608,0.13043478260869565
538,0.3488372093023256,0.11627906976744186,0.16279069767441862,0.06976744186046512,0.13953488372093023,0.023255813953488372,0.13953488372093023
152,0.3356643356643357,0.1888111888111888,0.16783216783216784,0.055944055944055944,0.13286713286713286,0.027972027972027972,0.09090909090909091
118,0.3620689655172414,0.11494252873563218,0.14942528735632185,0.11494252873563218,0.08620689655172414,0.040229885057471264,0.13218390804597702
127,0.3157894736842105,0.15789473684210525,0.15789473684210525,0.21052631578947367,0.02631578947368421,0.02631578947368421,0.10526315789473684
411,0.36,0.16,0.12,0.08,0.12,0.04,0.12
369,0.35714285714285715,0.18571428571428572,0.12857142857142856,0.1,0.08571428571428572,0.05714285714285714,0.08571428571428572
499,0.32432432432432434,0.13513513513513514,0.13513513513513514,0.10810810810810811,0.08108108108108109,0.0,0.21621621621621623
487,0.3592233009708738,0.13106796116504854,0.13592233009708737,0.13592233009708737,0.0970873786407767,0.024271844660194174,0.11650485436893204
22,0.35443037974683544,0.18354430379746836,0.11392405063291139,0.11392405063291139,0.10126582278481013,0.03164556962025317,0.10126582278481013
570,0.3333333333333333,0.19753086419753085,0.14814814814814814,0.09876543209876543,0.12345679012345678,0.0,0.09876543209876543
67,0.362962962962963,0.0962962962962963,0.14814814814814814,0.11851851851851852,0.13333333333333333,0.037037037037037035,0.1037037037037037
337,0.3076923076923077,0.07692307692307693,0.15384615384615385,0.07692307692307693,0.15384615384615385,0.0,0.23076923076923078
526,0.3076923076923077,0.23076923076923078,0.15384615384615385,0.07692307692307693,0.15384615384615385,0.0,0.07692307692307693
166,0.358974358974359,0.15384615384615385,0.1282051282051282,0.10256410256410256,0.10256410256410256,0.02564102564102564,0.1282051282051282
512,0.3076923076923077,0.23076923076923078,0.15384615384615385,0.15384615384615385,0.07692307692307693,0.07692307692307693,0.0
594,0.3389830508474576,0.1694915254237288,0.1016949152542373,0.1694915254237288,0.11864406779661017,0.0,0.1016949152542373
556,0.3170731707317073,0.21951219512195122,0.17073170731707318,0.07317073170731707,0.0975609756097561,0.0,0.12195121951219512
290,0.3150684931506849,0.2465753424657534,0.0821917808219178,0.1232876712328767,0.136986301369863,0.0136986301369863,0.0821917808219178
108,0.3684210526315789,0.10526315789473684,0.15789473684210525,0.10526315789473684,0.10526315789473684,0.05263157894736842,0.10526315789473684
41,0.3669064748201439,0.1510791366906475,0.14388489208633093,0.09352517985611511,0.07194244604316546,0.06474820143884892,0.1079136690647482
590,0.35964912280701755,0.14912280701754385,0.14912280701754385,0.08771929824561403,0.11403508771929824,0.02631578947368421,0.11403508771929824
314,0.3333333333333333,0.16666666666666666,0.16666666666666666,0.16666666666666666,0.08333333333333333,0.08333333333333333,0.0
181,0.2916666666666667,0.20833333333333334,0.20833333333333334,0.041666666666666664,0.16666666666666666,0.0,0.08333333333333333
560,0.3368421052631579,0.21052631578947367,0.14736842105263157,0.10526315789473684,0.11578947368421053,0.021052631578947368,0.06315789473684211
486,0.36363636363636365,0.16666666666666666,0.12121212121212122,0.07575757575757576,0.13636363636363635,0.06060606060606061,0.07575757575757576
586,0.30952380952380953,0.16666666666666666,0.16666666666666666,0.047619047619047616,0.21428571428571427,0.0,0.09523809523809523
161,0.3629032258064516,0.16129032258064516,0.14516129032258066,0.0967741935483871,0.08870967741935484,0.04032258064516129,0.10483870967741936
596,0.36507936507936506,0.15079365079365079,0.1455026455026455,0.10317460317460317,0.09788359788359788,0.037037037037037035,0.10052910052910052
607,0.3545706371191136,0.1634349030470914,0.1634349030470914,0.08033240997229917,0.11911357340720222,0.027700831024930747,0.09141274238227147
626,0.36538461538461536,0.15384615384615385,0.10576923076923077,0.15384615384615385,0.0673076923076923,0.09615384615384616,0.057692307692307696
3,0.37209302325581395,0.13953488372093023,0.11627906976744186,0.11627906976744186,0.09302325581395349,0.046511627906976744,0.11627906976744186
87,0.35294117647058826,0.11764705882352941,0.17647058823529413,0.11764705882352941,0.14705882352941177,0.029411764705882353,0.058823529411764705
47,0.33962264150943394,0.20754716981132076,0.1320754716981132,0.05660377358490566,0.11320754716981132,0.018867924528301886,0.1320754716981132
419,0.3333333333333333,0.23076923076923078,0.07692307692307693,0.1282051282051282,0.07692307692307693,0.02564102564102564,0.1282051282051282
210,0.358974358974359,0.15384615384615385,0.07692307692307693,0.1794871794871795,0.10256410256410256,0.07692307692307693,0.05128205128205128
573,0.358974358974359,0.10256410256410256,0.15384615384615385,0.15384615384615385,0.1282051282051282,0.02564102564102564,0.07692307692307693
202,0.37037037037037035,0.12962962962962962,0.12962962962962962,0.09259259259259259,0.1111111111111111,0.037037037037037035,0.12962962962962962
583,0.2777777777777778,0.1111111111111111,0.2777777777777778,0.05555555555555555,0.16666666666666666,0.0,0.1111111111111111
362,0.35365853658536583,0.2073170731707317,0.0975609756097561,0.0975609756097561,0.0975609756097561,0.036585365853658534,0.10975609756097561
40,0.15,0.35,0.15,0.1,0.15,0.0,0.1
247,0.35815602836879434,0.1773049645390071,0.1276595744680851,0.13829787234042554,0.0851063829787234,0.031914893617021274,0.08156028368794327
334,0.23076923076923078,0.3076923076923077,0.19230769230769232,0.11538461538461539,0.07692307692307693,0.0,0.07692307692307693
645,0.3333333333333333,0.21212121212121213,0.12121212121212122,0.09090909090909091,0.09090909090909091,0.0,0.15151515151515152
69,0.3375,0.2,0.15,0.05,0.125,0.0125,0.125
357,0.3488372093023256,0.11627906976744186,0.13953488372093023,0.046511627906976744,0.16279069767441862,0.023255813953488372,0.16279069767441862
144,0.36,0.18,0.12,0.06,0.12,0.04,0.12
496,0.37349397590361444,0.13855421686746988,0.12650602409638553,0.10843373493975904,0.0963855421686747,0.04216867469879518,0.1144578313253012
593,0.35789473684210527,0.16842105263157894,0.12631578947368421,0.10526315789473684,0.12631578947368421,0.010526315789473684,0.10526315789473684
528,0.3563218390804598,0.1724137931034483,0.11494252873563218,0.11494252873563218,0.14942528735632185,0.022988505747126436,0.06896551724137931
141,0.2727272727272727,0.2727272727272727,0.09090909090909091,0.18181818181818182,0.13636363636363635,0.0,0.045454545454545456
344,0.3689839572192513,0.13903743315508021,0.1497326203208556,0.11764705882352941,0.0855614973262032,0.0374331550802139,0.10160427807486631
622,0.23529411764705882,0.23529411764705882,0.23529411764705882,0.0,0.17647058823529413,0.0,0.11764705882352941
661,0.3333333333333333,0.13333333333333333,0.2,0.1,0.06666666666666667,0.0,0.16666666666666666
371,0.36904761904761907,0.11904761904761904,0.16666666666666666,0.10714285714285714,0.07142857142857142,0.047619047619047616,0.11904761904761904
231,0.2571428571428571,0.05714285714285714,0.22857142857142856,0.05714285714285714,0.14285714285714285,0.0,0.2571428571428571
495,0.34285714285714286,0.2,0.11428571428571428,0.14285714285714285,0.08571428571428572,0.0,0.11428571428571428
671,0.35526315789473684,0.19736842105263158,0.13157894736842105,0.10526315789473684,0.11842105263157894,0.05263157894736842,0.039473684210526314
378,0.34782608695652173,0.18840579710144928,0.15942028985507245,0.043478260869565216,0.10144927536231885,0.028985507246376812,0.13043478260869565
235,0.36879432624113473,0.1773049645390071,0.1276595744680851,0.11347517730496454,0.0851063829787234,0.05673758865248227,0.07092198581560284
433,0.35384615384615387,0.16153846153846155,0.16153846153846155,0.038461538461538464,0.13846153846153847,0.03076923076923077,0.11538461538461539
338,0.37037037037037035,0.16049382716049382,0.1111111111111111,0.13580246913580246,0.06172839506172839,0.04938271604938271,0.1111111111111111
497,0.3614457831325301,0.18072289156626506,0.10843373493975904,0.1566265060240964,0.07228915662650602,0.04819277108433735,0.07228915662650602
126,0.37349397590361444,0.1566265060240964,0.12048192771084337,0.07228915662650602,0.12048192771084337,0.04819277108433735,0.10843373493975904
85,0.3680555555555556,0.14583333333333334,0.1388888888888889,0.09027777777777778,0.09027777777777778,0.027777777777777776,0.1388888888888889
194,0.3492063492063492,0.19047619047619047,0.15873015873015872,0.07936507936507936,0.12698412698412698,0.015873015873015872,0.07936507936507936
288,0.3673469387755102,0.14285714285714285,0.14285714285714285,0.08163265306122448,0.07142857142857142,0.04081632653061224,0.15306122448979592
237,0.32,0.18,0.12,0.02,0.22,0.02,0.12
646,0.3625,0.16875,0.15,0.0875,0.125,0.025,0.08125
458,0.359375,0.1875,0.125,0.140625,0.09375,0.046875,0.046875
459,0.34615384615384615,0.07692307692307693,0.19230769230769232,0.07692307692307693,0.19230769230769232,0.07692307692307693,0.038461538461538464
275,0.3548387096774194,0.20161290322580644,0.10483870967741936,0.08870967741935484,0.12096774193548387,0.016129032258064516,0.11290322580645161
421,0.36231884057971014,0.2028985507246377,0.08695652173913043,0.11594202898550725,0.10144927536231885,0.043478260869565216,0.08695652173913043
617,0.3684210526315789,0.14473684210526316,0.17105263157894737,0.10526315789473684,0.09210526315789473,0.039473684210526314,0.07894736842105263
182,0.366120218579235,0.18032786885245902,0.12021857923497267,0.12568306010928962,0.09836065573770492,0.03278688524590164,0.07650273224043716
503,0.34782608695652173,0.08695652173913043,0.17391304347826086,0.13043478260869565,0.17391304347826086,0.0,0.08695652173913043
545,0.3548387096774194,0.20430107526881722,0.0967741935483871,0.07526881720430108,0.12903225806451613,0.021505376344086023,0.11827956989247312
139,0.3409090909090909,0.22727272727272727,0.13636363636363635,0.13636363636363635,0.045454545454545456,0.045454545454545456,0.06818181818181818
504,0.3333333333333333,0.21212121212121213,0.15151515151515152,0.15151515151515152,0.09090909090909091,0.0,0.06060606060606061
612,0.35135135135135137,0.16216216216216217,0.13513513513513514,0.08108108108108109,0.1891891891891892,0.02702702702702703,0.05405405405405406
441,0.34210526315789475,0.19298245614035087,0.10526315789473684,0.19298245614035087,0.07894736842105263,0.017543859649122806,0.07017543859649122
27,0.2857142857142857,0.10714285714285714,0.21428571428571427,0.03571428571428571,0.25,0.0,0.10714285714285714
400,0.3684210526315789,0.17105263157894737,0.15789473684210525,0.06578947368421052,0.10526315789473684,0.05263157894736842,0.07894736842105263
343,0.3333333333333333,0.08333333333333333,0.25,0.08333333333333333,0.125,0.020833333333333332,0.10416666666666667
130,0.3712574850299401,0.17065868263473055,0.12574850299401197,0.11676646706586827,0.10479041916167664,0.029940119760479042,0.08083832335329341
153,0.38461538461538464,0.1282051282051282,0.10256410256410256,0.10256410256410256,0.10256410256410256,0.05128205128205128,0.1282051282051282
315,0.35,0.175,0.1,0.175,0.125,0.0,0.075
396,0.37158469945355194,0.14754098360655737,0.14754098360655737,0.08743169398907104,0.06557377049180328,0.03825136612021858,0.14207650273224043
221,0.2916666666666667,0.08333333333333333,0.25,0.041666666666666664,0.125,0.0,0.20833333333333334
93,0.3805970149253731,0.16417910447761194,0.11194029850746269,0.11940298507462686,0.07462686567164178,0.06716417910447761,0.08208955223880597
167,0.3333333333333333,0.23809523809523808,0.09523809523809523,0.14285714285714285,0.09523809523809523,0.0,0.09523809523809523
184,0.3728813559322034,0.1016949152542373,0.1864406779661017,0.1016949152542373,0.11864406779661017,0.05084745762711865,0.06779661016949153
592,0.37623762376237624,0.1485148514851485,0.15841584158415842,0.0891089108910891,0.10891089108910891,0.04950495049504951,0.06930693069306931
524,0.35,0.225,0.15,0.1,0.05,0.05,0.075
482,0.38461538461538464,0.10256410256410256,0.15384615384615385,0.07692307692307693,0.07692307692307693,0.1282051282051282,0.07692307692307693
453,0.358974358974359,0.15384615384615385,0.1282051282051282,0.19230769230769232,0.07692307692307693,0.02564102564102564,0.0641025641025641
500,0.38323353293413176,0.1497005988023952,0.10778443113772455,0.08982035928143713,0.10778443113772455,0.041916167664670656,0.11976047904191617
38,0.3709677419354839,0.1774193548387097,0.12903225806451613,0.06451612903225806,0.12903225806451613,0.03225806451612903,0.0967741935483871
354,0.38571428571428573,0.15714285714285714,0.08571428571428572,0.1,0.11428571428571428,0.05714285714285714,0.1
160,0.375,0.1590909090909091,0.14772727272727273,0.125,0.07954545454545454,0.03409090909090909,0.07954545454545454
521,0.35294117647058826,0.19607843137254902,0.1568627450980392,0.11764705882352941,0.11764705882352941,0.0196078431372549,0.0392156862745098
350,0.3577981651376147,0.21100917431192662,0.11926605504587157,0.10091743119266056,0.12844036697247707,0.027522935779816515,0.05504587155963303
535,0.37362637362637363,0.15384615384615385,0.16483516483516483,0.08791208791208792,0.10989010989010989,0.03296703296703297,0.07692307692307693
188,0.37606837606837606,0.1794871794871795,0.11965811965811966,0.09401709401709402,0.09401709401709402,0.03418803418803419,0.10256410256410256
10,0.3548387096774194,0.22580645161290322,0.06451612903225806,0.03225806451612903,0.12903225806451613,0.0967741935483871,0.0967741935483871
179,0.29411764705882354,0.29411764705882354,0.11764705882352941,0.11764705882352941,0.11764705882352941,0.0,0.058823529411764705
249,0.37037037037037035,0.18518518518518517,0.14814814814814814,0.1111111111111111,0.07407407407407407,0.037037037037037035,0.07407407407407407
75,0.38016528925619836,0.14049586776859505,0.1652892561983471,0.09917355371900827,0.08264462809917356,0.04132231404958678,0.09090909090909091
426,0.3793103448275862,0.15517241379310345,0.14655172413793102,0.05172413793103448,0.09482758620689655,0.05172413793103448,0.1206896551724138
13,0.3783783783783784,0.16216216216216217,0.16216216216216217,0.08108108108108109,0.08108108108108109,0.05405405405405406,0.08108108108108109
443,0.375,0.125,0.125,0.125,0.125,0.0,0.125
377,0.375,0.0625,0.0625,0.125,0.125,0.0625,0.1875
448,0.25,0.125,0.25,0.125,0.25,0.0,0.0
464,0.3333333333333333,0.23809523809523808,0.14285714285714285,0.023809523809523808,0.09523809523809523,0.023809523809523808,0.14285714285714285
604,0.3076923076923077,0.23076923076923078,0.07692307692307693,0.07692307692307693,0.07692307692307693,0.0,0.23076923076923078
347,0.23076923076923078,0.23076923076923078,0.23076923076923078,0.07692307692307693,0.23076923076923078,0.0,0.0
368,0.36363636363636365,0.13636363636363635,0.13636363636363635,0.18181818181818182,0.09090909090909091,0.0,0.09090909090909091
317,0.3611111111111111,0.2222222222222222,0.1111111111111111,0.08333333333333333,0.08333333333333333,0.027777777777777776,0.1111111111111111
97,0.37623762376237624,0.1782178217821782,0.09900990099009901,0.10891089108910891,0.09900990099009901,0.019801980198019802,0.1188118811881188
264,0.25,0.2857142857142857,0.17857142857142858,0.0,0.17857142857142858,0.10714285714285714,0.0
359,0.3902439024390244,0.12195121951219512,0.12195121951219512,0.12195121951219512,0.12195121951219512,0.07317073170731707,0.04878048780487805
525,0.38461538461538464,0.13675213675213677,0.1282051282051282,0.1282051282051282,0.09401709401709402,0.02564102564102564,0.10256410256410256
603,0.38392857142857145,0.14285714285714285,0.14285714285714285,0.10714285714285714,0.10714285714285714,0.026785714285714284,0.08928571428571429
666,0.36507936507936506,0.20634920634920634,0.1111111111111111,0.14285714285714285,0.06349206349206349,0.031746031746031744,0.07936507936507936
356,0.35,0.2,0.15,0.15,0.05,0.0,0.1
568,0.3541666666666667,0.22916666666666666,0.14583333333333334,0.041666666666666664,0.08333333333333333,0.041666666666666664,0.10416666666666667
589,0.3709677419354839,0.20967741935483872,0.0967741935483871,0.11290322580645161,0.08064516129032258,0.03225806451612903,0.0967741935483871
122,0.3770491803278688,0.14754098360655737,0.16393442622950818,0.04918032786885246,0.11475409836065574,0.03278688524590164,0.11475409836065574
320,0.3888888888888889,0.1388888888888889,0.1388888888888889,0.05555555555555555,0.1111111111111111,0.05555555555555555,0.1111111111111111
293,0.3918918918918919,0.08108108108108109,0.13513513513513514,0.13513513513513514,0.08108108108108109,0.05405405405405406,0.12162162162162163
420,0.38202247191011235,0.1348314606741573,0.12359550561797752,0.12359550561797752,0.06741573033707865,0.02247191011235955,0.14606741573033707
352,0.35294117647058826,0.19607843137254902,0.09803921568627451,0.17647058823529413,0.11764705882352941,0.0,0.058823529411764705
523,0.38144329896907214,0.1134020618556701,0.18556701030927836,0.07216494845360824,0.1134020618556701,0.041237113402061855,0.09278350515463918
415,0.37142857142857144,0.2,0.11428571428571428,0.11428571428571428,0.05714285714285714,0.02857142857142857,0.11428571428571428
662,0.37777777777777777,0.18888888888888888,0.13333333333333333,0.1111111111111111,0.05555555555555555,0.044444444444444446,0.08888888888888889
8,0.3717948717948718,0.20512820512820512,0.10256410256410256,0.11538461538461539,0.11538461538461539,0.038461538461538464,0.05128205128205128
189,0.38392857142857145,0.16071428571428573,0.09821428571428571,0.15178571428571427,0.08928571428571429,0.03571428571428571,0.08035714285714286
251,0.3968253968253968,0.1111111111111111,0.1111111111111111,0.12698412698412698,0.1111111111111111,0.047619047619047616,0.09523809523809523
401,0.38333333333333336,0.18333333333333332,0.08333333333333333,0.13333333333333333,0.06666666666666667,0.05,0.1
65,0.2777777777777778,0.2777777777777778,0.05555555555555555,0.2222222222222222,0.1111111111111111,0.05555555555555555,0.0
112,0.2916666666666667,0.041666666666666664,0.25,0.08333333333333333,0.25,0.041666666666666664,0.041666666666666664
301,0.2777777777777778,0.1111111111111111,0.16666666666666666,0.0,0.16666666666666666,0.0,0.2777777777777778
389,0.3684210526315789,0.14473684210526316,0.18421052631578946,0.06578947368421052,0.07894736842105263,0.013157894736842105,0.14473684210526316
154,0.3793103448275862,0.1724137931034483,0.13793103448275862,0.06896551724137931,0.13793103448275862,0.034482758620689655,0.06896551724137931
107,0.36,0.24,0.12,0.04,0.08,0.08,0.08
308,0.375,0.08333333333333333,0.19444444444444445,0.1388888888888889,0.06944444444444445,0.027777777777777776,0.1111111111111111
145,0.38461538461538464,0.15384615384615385,0.15384615384615385,0.057692307692307696,0.09615384615384616,0.038461538461538464,0.11538461538461539
203,0.3333333333333333,0.08888888888888889,0.15555555555555556,0.13333333333333333,0.044444444444444446,0.0,0.24444444444444444
511,0.3409090909090909,0.11363636363636363,0.18181818181818182,0.022727272727272728,0.20454545454545456,0.0,0.13636363636363635
80,0.38636363636363635,0.1590909090909091,0.09090909090909091,0.09090909090909091,0.11363636363636363,0.022727272727272728,0.13636363636363635
279,0.38961038961038963,0.15584415584415584,0.15584415584415584,0.09090909090909091,0.06493506493506493,0.05194805194805195,0.09090909090909091
2,0.39215686274509803,0.1568627450980392,0.08823529411764706,0.13725490196078433,0.08823529411764706,0.0392156862745098,0.09803921568627451
82,0.375,0.1875,0.14583333333333334,0.0625,0.125,0.020833333333333332,0.08333333333333333
327,0.38461538461538464,0.07692307692307693,0.19230769230769232,0.09615384615384616,0.11538461538461539,0.038461538461538464,0.09615384615384616
169,0.375,0.171875,0.15625,0.03125,0.109375,0.03125,0.125
513,0.3684210526315789,0.18421052631578946,0.15789473684210525,0.07894736842105263,0.07894736842105263,0.0,0.13157894736842105
462,0.3787878787878788,0.07575757575757576,0.21212121212121213,0.07575757575757576,0.12121212121212122,0.045454545454545456,0.09090909090909091
527,0.3883495145631068,0.14563106796116504,0.1650485436893204,0.10679611650485436,0.0970873786407767,0.02912621359223301,0.06796116504854369
155,0.3888888888888889,0.09259259259259259,0.12962962962962962,0.16666666666666666,0.09259259259259259,0.018518518518518517,0.1111111111111111
191,0.37777777777777777,0.2,0.13333333333333333,0.08888888888888889,0.06666666666666667,0.022222222222222223,0.1111111111111111
133,0.3958333333333333,0.16666666666666666,0.125,0.09375,0.09375,0.041666666666666664,0.08333333333333333
103,0.36923076923076925,0.23076923076923078,0.07692307692307693,0.12307692307692308,0.046153846153846156,0.046153846153846156,0.1076923076923077
551,0.3582089552238806,0.22388059701492538,0.11940298507462686,0.05970149253731343,0.14925373134328357,0.0,0.08955223880597014
445,0.3125,0.125,0.25,0.125,0.1875,0.0,0.0
414,0.3684210526315789,0.21052631578947367,0.10526315789473684,0.14035087719298245,0.10526315789473684,0.0,0.07017543859649122
204,0.39285714285714285,0.03571428571428571,0.14285714285714285,0.07142857142857142,0.14285714285714285,0.07142857142857142,0.14285714285714285
192,0.39436619718309857,0.16901408450704225,0.11267605633802817,0.1267605633802817,0.056338028169014086,0.04225352112676056,0.09859154929577464
90,0.4,0.14545454545454545,0.10909090909090909,0.07272727272727272,0.10909090909090909,0.03636363636363636,0.12727272727272726
225,0.4,0.15,0.1,0.1,0.125,0.025,0.1
12,0.36,0.16,0.16,0.08,0.2,0.04,0.0
302,0.3958333333333333,0.1875,0.08333333333333333,0.10416666666666667,0.08333333333333333,0.041666666666666664,0.10416666666666667
305,0.3829787234042553,0.19148936170212766,0.10638297872340426,0.1276595744680851,0.10638297872340426,0.0,0.0851063829787234
435,0.4,0.15,0.1,0.05,0.15,0.05,0.1
64,0.38235294117647056,0.14705882352941177,0.17647058823529413,0.058823529411764705,0.11764705882352941,0.0,0.11764705882352941
109,0.35294117647058826,0.14705882352941177,0.23529411764705882,0.058823529411764705,0.058823529411764705,0.0,0.14705882352941177
32,0.39436619718309857,0.19718309859154928,0.09859154929577464,0.09859154929577464,0.07042253521126761,0.04225352112676056,0.09859154929577464
143,0.3870967741935484,0.1774193548387097,0.14516129032258066,0.04838709677419355,0.11290322580645161,0.016129032258064516,0.11290322580645161
132,0.38333333333333336,0.21666666666666667,0.1,0.1,0.05,0.03333333333333333,0.11666666666666667
517,0.4074074074074074,0.09259259259259259,0.16666666666666666,0.07407407407407407,0.07407407407407407,0.07407407407407407,0.1111111111111111
451,0.39473684210526316,0.10526315789473684,0.15789473684210525,0.10526315789473684,0.13157894736842105,0.0,0.10526315789473684
115,0.3829787234042553,0.14893617021276595,0.19148936170212766,0.06382978723404255,0.10638297872340426,0.0,0.10638297872340426
140,0.35,0.25,0.075,0.175,0.1,0.025,0.025
303,0.39226519337016574,0.20441988950276244,0.13812154696132597,0.0718232044198895,0.0718232044198895,0.049723756906077346,0.0718232044198895
449,0.40540540540540543,0.16216216216216217,0.10810810810810811,0.08108108108108109,0.10810810810810811,0.02702702702702703,0.10810810810810811
348,0.4,0.08333333333333333,0.16666666666666666,0.08333333333333333,0.13333333333333333,0.016666666666666666,0.11666666666666667
629,0.4166666666666667,0.125,0.125,0.10416666666666667,0.10416666666666667,0.0625,0.0625
227,0.2222222222222222,0.3333333333333333,0.0,0.1111111111111111,0.2222222222222222,0.0,0.1111111111111111
469,0.42105263157894735,0.10526315789473684,0.10526315789473684,0.05263157894736842,0.10526315789473684,0.10526315789473684,0.10526315789473684
238,0.39215686274509803,0.21568627450980393,0.0784313725490196,0.13725490196078433,0.058823529411764705,0.058823529411764705,0.058823529411764705
104,0.3333333333333333,0.05555555555555555,0.2777777777777778,0.05555555555555555,0.19444444444444445,0.05555555555555555,0.027777777777777776
14,0.3333333333333333,0.25,0.08333333333333333,0.16666666666666666,0.16666666666666666,0.0,0.0
630,0.375,0.08333333333333333,0.20833333333333334,0.125,0.041666666666666664,0.0,0.16666666666666666
625,0.3888888888888889,0.19444444444444445,0.05555555555555555,0.16666666666666666,0.1111111111111111,0.027777777777777776,0.05555555555555555
379,0.3829787234042553,0.2127659574468085,0.1702127659574468,0.0851063829787234,0.0851063829787234,0.02127659574468085,0.0425531914893617
619,0.3898305084745763,0.13559322033898305,0.1864406779661017,0.01694915254237288,0.11864406779661017,0.01694915254237288,0.13559322033898305
244,0.4166666666666667,0.10416666666666667,0.14583333333333334,0.10416666666666667,0.10416666666666667,0.020833333333333332,0.10416666666666667
51,0.3448275862068966,0.1724137931034483,0.06896551724137931,0.27586206896551724,0.06896551724137931,0.0,0.06896551724137931
508,0.4117647058823529,0.17647058823529413,0.11764705882352941,0.11764705882352941,0.058823529411764705,0.04411764705882353,0.07352941176470588
46,0.35,0.1,0.25,0.0,0.15,0.0,0.15
11,0.3888888888888889,0.05555555555555555,0.16666666666666666,0.05555555555555555,0.2222222222222222,0.05555555555555555,0.05555555555555555
349,0.2631578947368421,0.3684210526315789,0.0,0.10526315789473684,0.05263157894736842,0.10526315789473684,0.10526315789473684
581,0.41379310344827586,0.13793103448275862,0.13793103448275862,0.034482758620689655,0.13793103448275862,0.034482758620689655,0.10344827586206896
7,0.4266666666666667,0.08,0.13333333333333333,0.09333333333333334,0.13333333333333333,0.05333333333333334,0.08
643,0.375,0.1875,0.1875,0.125,0.125,0.0,0.0
660,0.4166666666666667,0.125,0.125,0.08333333333333333,0.16666666666666666,0.041666666666666664,0.041666666666666664
116,0.3333333333333333,0.125,0.2916666666666667,0.041666666666666664,0.16666666666666666,0.0,0.041666666666666664
114,0.3939393939393939,0.24242424242424243,0.09090909090909091,0.09090909090909091,0.06060606060606061,0.030303030303030304,0.09090909090909091
399,0.3870967741935484,0.1935483870967742,0.16129032258064516,0.16129032258064516,0.06451612903225806,0.03225806451612903,0.0
266,0.4074074074074074,0.2222222222222222,0.09259259259259259,0.07407407407407407,0.07407407407407407,0.037037037037037035,0.09259259259259259
429,0.35714285714285715,0.2857142857142857,0.14285714285714285,0.07142857142857142,0.07142857142857142,0.0,0.07142857142857142
395,0.4117647058823529,0.11764705882352941,0.11764705882352941,0.058823529411764705,0.11764705882352941,0.0,0.17647058823529413
49,0.4230769230769231,0.1282051282051282,0.10256410256410256,0.15384615384615385,0.038461538461538464,0.038461538461538464,0.11538461538461539
217,0.4098360655737705,0.14754098360655737,0.13114754098360656,0.16393442622950818,0.09836065573770492,0.0,0.04918032786885246
588,0.42857142857142855,0.14285714285714285,0.12698412698412698,0.09523809523809523,0.09523809523809523,0.015873015873015872,0.09523809523809523
670,0.41935483870967744,0.1935483870967742,0.0967741935483871,0.12903225806451613,0.06451612903225806,0.06451612903225806,0.03225806451612903
54,0.375,0.125,0.25,0.0,0.125,0.125,0.0
485,0.25,0.375,0.125,0.0,0.125,0.0,0.125
246,0.38461538461538464,0.23076923076923078,0.10256410256410256,0.1794871794871795,0.0,0.02564102564102564,0.07692307692307693
440,0.4318181818181818,0.1590909090909091,0.09090909090909091,0.045454545454545456,0.09090909090909091,0.045454545454545456,0.13636363636363635
484,0.43478260869565216,0.08695652173913043,0.17391304347826086,0.08695652173913043,0.08695652173913043,0.043478260869565216,0.08695652173913043
638,0.4117647058823529,0.17647058823529413,0.17647058823529413,0.11764705882352941,0.058823529411764705,0.0,0.058823529411764705
668,0.3333333333333333,0.05555555555555555,0.2777777777777778,0.0,0.2222222222222222,0.0,0.1111111111111111
600,0.4444444444444444,0.05555555555555555,0.1111111111111111,0.05555555555555555,0.1111111111111111,0.1111111111111111,0.1111111111111111
610,0.41025641025641024,0.23076923076923078,0.10256410256410256,0.10256410256410256,0.07692307692307693,0.0,0.07692307692307693
506,0.41935483870967744,0.1935483870967742,0.06451612903225806,0.12903225806451613,0.12903225806451613,0.0,0.06451612903225806
541,0.42857142857142855,0.14285714285714285,0.07142857142857142,0.07142857142857142,0.0,0.14285714285714285,0.14285714285714285
456,0.43333333333333335,0.16666666666666666,0.13333333333333333,0.1,0.1,0.03333333333333333,0.03333333333333333
258,0.42857142857142855,0.09523809523809523,0.14285714285714285,0.047619047619047616,0.14285714285714285,0.0,0.14285714285714285
392,0.375,0.25,0.125,0.0625,0.1875,0.0,0.0
124,0.44,0.14,0.16,0.1,0.06,0.02,0.08
341,0.4,0.1,0.2,0.1,0.2,0.0,0.0
206,0.4482758620689655,0.13793103448275862,0.10344827586206896,0.13793103448275862,0.034482758620689655,0.06896551724137931,0.06896551724137931
579,0.4,0.13333333333333333,0.0,0.2,0.2,0.06666666666666667,0.0
100,0.42857142857142855,0.07142857142857142,0.17857142857142858,0.14285714285714285,0.14285714285714285,0.0,0.03571428571428571
438,0.16666666666666666,0.0,0.3333333333333333,0.0,0.3333333333333333,0.08333333333333333,0.08333333333333333
333,0.45652173913043476,0.10869565217391304,0.15217391304347827,0.10869565217391304,0.043478260869565216,0.043478260869565216,0.08695652173913043
476,0.4583333333333333,0.08333333333333333,0.08333333333333333,0.08333333333333333,0.041666666666666664,0.08333333333333333,0.16666666666666666
52,0.42857142857142855,0.17857142857142858,0.17857142857142858,0.03571428571428571,0.14285714285714285,0.0,0.03571428571428571
546,0.4523809523809524,0.16666666666666666,0.14285714285714285,0.047619047619047616,0.023809523809523808,0.047619047619047616,0.11904761904761904
310,0.47058823529411764,0.11764705882352941,0.058823529411764705,0.058823529411764705,0.11764705882352941,0.058823529411764705,0.11764705882352941
578,0.42424242424242425,0.18181818181818182,0.12121212121212122,0.21212121212121213,0.0,0.030303030303030304,0.030303030303030304
16,0.43478260869565216,0.17391304347826086,0.21739130434782608,0.043478260869565216,0.0,0.043478260869565216,0.08695652173913043
634,0.4375,0.1875,0.125,0.1875,0.0625,0.0,0.0
123,0.48148148148148145,0.07407407407407407,0.14814814814814814,0.1111111111111111,0.07407407407407407,0.037037037037037035,0.07407407407407407
403,0.42857142857142855,0.0,0.21428571428571427,0.0,0.21428571428571427,0.07142857142857142,0.07142857142857142
289,0.5,0.08333333333333333,0.08333333333333333,0.08333333333333333,0.08333333333333333,0.08333333333333333,0.08333333333333333
131,0.4583333333333333,0.20833333333333334,0.0,0.08333333333333333,0.125,0.0,0.125
326,0.5,0.09090909090909091,0.13636363636363635,0.045454545454545456,0.045454545454545456,0.09090909090909091,0.09090909090909091
129,0.5,0.1,0.1,0.1,0.1,0.1,0.0
398,0.5,0.03333333333333333,0.16666666666666666,0.1,0.06666666666666667,0.03333333333333333,0.1
1,0.36363636363636365,0.36363636363636365,0.0,0.18181818181818182,0.0,0.0,0.09090909090909091
566,0.45454545454545453,0.18181818181818182,0.18181818181818182,0.0,0.18181818181818182,0.0,0.0
180,0.47058823529411764,0.0,0.17647058823529413,0.058823529411764705,0.23529411764705882,0.0,0.058823529411764705
446,0.5,0.08333333333333333,0.25,0.08333333333333333,0.08333333333333333,0.0,0.0
540,0.5,0.16666666666666666,0.08333333333333333,0.25,0.0,0.0,0.0
515,0.5384615384615384,0.07692307692307693,0.15384615384615385,0.0,0.15384615384615385,0.0,0.07692307692307693
663,0.5,0.25,0.0,0.25,0.0,0.0,0.0
444,0.5,0.25,0.25,0.0,0.0,0.0,0.0
226,0.46153846153846156,0.38461538461538464,0.15384615384615385,0.0,0.0,0.0,0.0
29,0.42857142857142855,0.42857142857142855,0.14285714285714285,0.0,0.0,0.0,0.0
